{"cameraMode":{"drawMode":0,"name":"Shaded","section":"Shading Mode"},"sceneLighting":false,"audioPlay":false,"sceneViewState":{"showFog":true,"showMaterialUpdate":false,"showSkybox":false,"showFlares":true,"showImageEffects":true,"showParticleSystems":true},"in2DMode":false,"pivot":{"x":0.7870305180549622,"y":2.0843496322631838,"z":2.06666898727417},"rotation":{"x":0.1872561275959015,"y":-0.09999906271696091,"z":0.01882287487387657,"w":0.9771365523338318},"size":4.800057411193848,"orthographic":false}