{"cameraMode":{"drawMode":0,"name":"Shaded","section":"Shading Mode"},"sceneLighting":true,"audioPlay":false,"sceneViewState":{"showFog":true,"showMaterialUpdate":false,"showSkybox":true,"showFlares":true,"showImageEffects":true,"showParticleSystems":true},"in2DMode":false,"pivot":{"x":944.4402465820313,"y":130.52357482910157,"z":-288.6252136230469},"rotation":{"x":-0.03548411652445793,"y":-0.708156168460846,"z":-0.03619769960641861,"w":0.7046977281570435},"size":2.87372088432312,"orthographic":false}