{"cameraMode":{"drawMode":0,"name":"Shaded","section":"Shading Mode"},"sceneLighting":false,"audioPlay":false,"sceneViewState":{"showFog":true,"showMaterialUpdate":false,"showSkybox":false,"showFlares":true,"showImageEffects":true,"showParticleSystems":true},"in2DMode":false,"pivot":{"x":4.0543532371521,"y":4.1423187255859379,"z":6.522305011749268},"rotation":{"x":0.18111856281757356,"y":-0.817875862121582,"z":0.3626059293746948,"w":0.4085247814655304},"size":8.092450141906739,"orthographic":false}