{"cameraMode":{"drawMode":0,"name":"Shaded","section":"Shading Mode"},"sceneLighting":true,"audioPlay":false,"sceneViewState":{"showFog":true,"showMaterialUpdate":false,"showSkybox":true,"showFlares":true,"showImageEffects":true,"showParticleSystems":true},"in2DMode":false,"pivot":{"x":61.694488525390628,"y":154.61888122558595,"z":61.895660400390628},"rotation":{"x":0.196668803691864,"y":-0.39294907450675967,"z":0.08599882572889328,"w":0.8942828178405762},"size":16.14468765258789,"orthographic":false}