{"cameraMode":{"drawMode":0,"name":"Shaded","section":"Shading Mode"},"sceneLighting":true,"audioPlay":false,"sceneViewState":{"showFog":true,"showMaterialUpdate":false,"showSkybox":true,"showFlares":true,"showImageEffects":true,"showParticleSystems":true},"in2DMode":false,"pivot":{"x":644.5086669921875,"y":149.04119873046876,"z":-296.9783020019531},"rotation":{"x":0.020365772768855096,"y":0.680080235004425,"z":0.0195076335221529,"w":-0.7329801917076111},"size":9.124523162841797,"orthographic":false}