{"cameraMode":{"drawMode":0,"name":"Shaded","section":"Shading Mode"},"sceneLighting":true,"audioPlay":false,"sceneViewState":{"showFog":true,"showMaterialUpdate":false,"showSkybox":true,"showFlares":true,"showImageEffects":true,"showParticleSystems":true},"in2DMode":false,"pivot":{"x":418.2200927734375,"y":141.57838439941407,"z":-297.4917297363281},"rotation":{"x":0.009699405170977116,"y":-0.684161901473999,"z":-0.008949313312768937,"w":-0.7296842336654663},"size":22.422704696655275,"orthographic":false}