{"cameraMode":{"drawMode":0,"name":"Shaded","section":"Shading Mode"},"sceneLighting":false,"audioPlay":false,"sceneViewState":{"showFog":true,"showMaterialUpdate":false,"showSkybox":false,"showFlares":true,"showImageEffects":true,"showParticleSystems":true},"in2DMode":false,"pivot":{"x":4.225839802529663e-7,"y":-0.00006688693247269839,"z":-0.000008687653462402523},"rotation":{"x":-0.25773561000823977,"y":-0.5781131982803345,"z":0.19923333823680879,"w":-0.7481430172920227},"size":0.00005715767838410102,"orthographic":false}