{"cameraMode":{"drawMode":0,"name":"Shaded","section":"Shading Mode"},"sceneLighting":true,"audioPlay":false,"sceneViewState":{"showFog":true,"showMaterialUpdate":false,"showSkybox":true,"showFlares":true,"showImageEffects":true,"showParticleSystems":true},"in2DMode":false,"pivot":{"x":365.7173156738281,"y":446.4617919921875,"z":-277.1130065917969},"rotation":{"x":-0.1460731029510498,"y":0.3111998438835144,"z":-0.04845574498176575,"w":-0.9378342032432556},"size":16.58981704711914,"orthographic":false}