{"cameraMode":{"drawMode":0,"name":"Shaded","section":"Shading Mode"},"sceneLighting":false,"audioPlay":false,"sceneViewState":{"showFog":true,"showMaterialUpdate":false,"showSkybox":false,"showFlares":true,"showImageEffects":true,"showParticleSystems":true},"in2DMode":false,"pivot":{"x":327.52044677734377,"y":153.82376098632813,"z":135.80812072753907},"rotation":{"x":0.24406369030475617,"y":-0.5148574113845825,"z":-0.1556919813156128,"w":-0.8069495558738709},"size":0.00005715767838410102,"orthographic":false}