{"cameraMode":{"drawMode":0,"name":"Shaded","section":"Shading Mode"},"sceneLighting":false,"audioPlay":false,"sceneViewState":{"showFog":true,"showMaterialUpdate":false,"showSkybox":false,"showFlares":true,"showImageEffects":true,"showParticleSystems":true},"in2DMode":false,"pivot":{"x":61.95024108886719,"y":150.7825164794922,"z":67.23107147216797},"rotation":{"x":-0.023141348734498025,"y":-0.9565239548683167,"z":0.07879625260829926,"w":-0.2801334261894226},"size":2.8578836917877199,"orthographic":false}